20201228,20201229
henry_1396_001-e1609179353664,henry_1396_001-e1609179353664
boomer-1327_022,boomer-1327_022
received_197428065298695-2,received_197428065298695-2
Dave-1257_003,Dave-1257_003
Walter-1274_001,Walter-1274_001
suki_19-206_022,suki_19-206_022
scarlet-1422_001,scarlet-1422_001
Bud-755_003,Bud-755_003
spring_1157_030,spring_1157_030
fudge_413_001-1-1,fudge_413_001-1-1
sigge_630_006,sigge_630_006
digger_1324_001,digger_1324_001
bucky_1125_008,bucky_1125_008
noel_1397_001-e1609180547459,noel_1397_001-e1609180547459
Jack_848_002,Jack_848_002
Noelle_1320_001,Noelle_1320_001
Luna_1449_002,Luna_1449_002
isa_1213_009,isa_1213_009
Sheeba-1461_001,Sheeba-1461_001
Trixie_1448_001,Trixie_1448_001
Winston_1446_001-e1608476419565,Winston_1446_001-e1608476419565
Elton_1444_002,Elton_1444_002
Michael-987_001,Michael-987_001
Harley_1299_002,Harley_1299_002
Dolly_1297_001,Dolly_1297_001
Chewbacca-1265_008,Chewbacca-1265_008
Max-1090_002,Max-1090_002
Naala_846_004,Naala_846_004
lucas-1355_001,lucas-1355_001
barry_gary_harry_7-e1603736900570,barry_gary_harry_7-e1603736900570
darragh_1385_001-e1605811733674,darragh_1385_001-e1605811733674
molly_1372_004,molly_1372_004
Railey_1366_025,Railey_1366_025
atilla_1337_004,atilla_1337_004
shadow-1331_006,shadow-1331_006
prince-1328_001,prince-1328_001
Johnny-Utah_1226_016-1,Johnny-Utah_1226_016-1
Max-1157_010,Max-1157_010
skip_717_005-e1600414561927,skip_717_005-e1600414561927
Robin-1097_002,Robin-1097_002
Alfred-1091_001,Alfred-1091_001
JJ_1046_001,JJ_1046_001
Jojken-914_007,Jojken-914_007
Charlie-Brown_415_014,Charlie-Brown_415_014
